{
   "domain": "javaAppServer",
   "middleware": "was",
   "host": "rhel9-base.gym.lan",
   "assessmentUnitName": "modresorts-2_0_0_war.ear",
   "applicationName": "modresorts-2_0_0_war.ear",
   "checksum": "55fad468db00aa4c2d2ddb9d9fc0363f74c09e0866a977ec6463b8912f69fb0d",
   "dcVersion": "",
   "binaryScannerVersion": "25.0.0.2",
   "collectionUnitType": "profile",
   "collectionUnitName": "Dmgr01",
   "isVirtual": "false",
   "serverXml": {
      "server": {
         "applicationManager": {
            "autoExpand": "true"
         },
         "description": "Configuration generated by binaryAppScanner",
         "featureManager": {
            "feature": [
               "appSecurity-2.0",
               "cdi-1.2",
               "ejbLite-3.2",
               "jdbc-4.1",
               "jndi-1.0",
               "jsp-2.3",
               "localConnector-1.0",
               "servlet-3.1"
            ]
         },
         "httpEndpoint": {
            "host": "${httpEndpoint_host_2}",
            "httpPort": "${httpEndpoint_port_2}",
            "httpsPort": "${httpEndpoint_secure_port_2}",
            "id": "defaultHttpEndpoint"
         },
         "iiopEndpoint": {
            "host": "${BOOTSTRAP_ADDRESS_host_2}",
            "id": "defaultIiopEndpoint",
            "iiopPort": "${BOOTSTRAP_ADDRESS_port_2}",
            "iiopsOptions": {
               "iiopsPort": "${CSIV2_SSL_SERVERAUTH_LISTENER_ADDRESS_2}",
               "sslRef": "defaultSSLConfig"
            }
         },
         "include": {
            "location": "rhel9-baseCell01_mime-types.xml",
            "onConflict": "MERGE",
            "optional": "true"
         },
         "keyStore": [
            {
               "id": "CellDefaultKeyStore_rhel9-baseCell01_KeyStore_1",
               "location": "${CellDefaultKeyStore_rhel9_baseCell01_KeyStore_1_location}",
               "password": "${CellDefaultKeyStore_rhel9_baseCell01_KeyStore_1_password}"
            },
            {
               "id": "CellDefaultTrustStore_rhel9-baseCell01_KeyStore_2",
               "location": "${CellDefaultTrustStore_rhel9_baseCell01_KeyStore_2_location}",
               "password": "${CellDefaultTrustStore_rhel9_baseCell01_KeyStore_2_password}"
            }
         ],
         "ssl": {
            "id": "CellDefaultSSLSettings_rhel9-baseCell01_SSLConfig_1",
            "keyStoreRef": "CellDefaultKeyStore_rhel9-baseCell01_KeyStore_1",
            "sslProtocol": "${CellDefaultSSLSettings_rhel9_baseCell01_SSLConfig_1_sslProtocol}",
            "trustStoreRef": "CellDefaultTrustStore_rhel9-baseCell01_KeyStore_2"
         },
         "sslDefault": {
            "sslRef": "CellDefaultSSLSettings_rhel9-baseCell01_SSLConfig_1"
         },
         "variable": [
            {
               "defaultValue": "*",
               "name": "BOOTSTRAP_ADDRESS_host_2"
            },
            {
               "defaultValue": "2809",
               "name": "BOOTSTRAP_ADDRESS_port_2"
            },
            {
               "defaultValue": "modresorts-2_0_0_war_ear_rhel9-baseCell01_CellDefaultKeyStore_key.p12",
               "name": "CellDefaultKeyStore_rhel9_baseCell01_KeyStore_1_location"
            },
            {
               "defaultValue": "TLSv1.3,TLSv1.2",
               "name": "CellDefaultSSLSettings_rhel9_baseCell01_SSLConfig_1_sslProtocol"
            },
            {
               "defaultValue": "modresorts-2_0_0_war_ear_rhel9-baseCell01_CellDefaultTrustStore_trust.p12",
               "name": "CellDefaultTrustStore_rhel9_baseCell01_KeyStore_2_location"
            },
            {
               "defaultValue": "9403",
               "name": "CSIV2_SSL_SERVERAUTH_LISTENER_ADDRESS_2"
            },
            {
               "defaultValue": "*",
               "name": "httpEndpoint_host_2"
            },
            {
               "defaultValue": "9080",
               "name": "httpEndpoint_port_2"
            },
            {
               "defaultValue": "9443",
               "name": "httpEndpoint_secure_port_2"
            },
            {
               "defaultValue": "",
               "name": "CellDefaultKeyStore_rhel9_baseCell01_KeyStore_1_password"
            },
            {
               "defaultValue": "",
               "name": "CellDefaultTrustStore_rhel9_baseCell01_KeyStore_2_password"
            }
         ],
         "webApplication": {
            "contextRoot": "/resorts",
            "id": "modresorts-2_0_0_war.ear",
            "location": "modresorts-2.0.0.war"
         }
      }
   }
}