<?xml version="1.0" encoding="UTF-8"?>
<server description="Configuration generated by binaryAppScanner">
    <featureManager>
        <feature>appSecurity-2.0</feature>
        <feature>cdi-1.2</feature>
        <feature>ejbLite-3.2</feature>
        <feature>jdbc-4.1</feature>
        <feature>jndi-1.0</feature>
        <feature>jsp-2.3</feature>
        <feature>localConnector-1.0</feature>
        <feature>servlet-3.1</feature>
    </featureManager>

    <!-- This configuration was migrated on 7/3/25 at 7:37:52 AM from the following location: /home/techzone/IBM/WebSphere/AppServer/profiles/Dmgr01 -->
    <!-- The binary scanner does not support the migration of all WebSphere traditional configuration elements. Check the binary scanner documentation for the list of supported configuration elements. -->
    <applicationManager autoExpand="true"/>

    <httpEndpoint host="${httpEndpoint_host_2}" httpPort="${httpEndpoint_port_2}" httpsPort="${httpEndpoint_secure_port_2}" id="defaultHttpEndpoint"/>

    <iiopEndpoint host="${BOOTSTRAP_ADDRESS_host_2}" id="defaultIiopEndpoint" iiopPort="${BOOTSTRAP_ADDRESS_port_2}">
        <iiopsOptions iiopsPort="${CSIV2_SSL_SERVERAUTH_LISTENER_ADDRESS_2}" sslRef="defaultSSLConfig"/>
    </iiopEndpoint>

    <webApplication contextRoot="/resorts" id="modresorts-2_0_0_war.ear" location="modresorts-2.0.0.war"/>

    <keyStore id="CellDefaultKeyStore_rhel9-baseCell01_KeyStore_1" location="${CellDefaultKeyStore_rhel9_baseCell01_KeyStore_1_location}" password="${CellDefaultKeyStore_rhel9_baseCell01_KeyStore_1_password}"/>

    <keyStore id="CellDefaultTrustStore_rhel9-baseCell01_KeyStore_2" location="${CellDefaultTrustStore_rhel9_baseCell01_KeyStore_2_location}" password="${CellDefaultTrustStore_rhel9_baseCell01_KeyStore_2_password}"/>

    <ssl id="CellDefaultSSLSettings_rhel9-baseCell01_SSLConfig_1" keyStoreRef="CellDefaultKeyStore_rhel9-baseCell01_KeyStore_1" sslProtocol="${CellDefaultSSLSettings_rhel9_baseCell01_SSLConfig_1_sslProtocol}" trustStoreRef="CellDefaultTrustStore_rhel9-baseCell01_KeyStore_2"/>

    <sslDefault sslRef="CellDefaultSSLSettings_rhel9-baseCell01_SSLConfig_1"/>

    <include location="rhel9-baseCell01_mime-types.xml" onConflict="MERGE" optional="true"/>

    <!-- The following variables, which often differ between environments, have been extracted from the migrated configuration to allow for easy substitution. -->
    <variable name="BOOTSTRAP_ADDRESS_host_2" defaultValue="*"/>
    <variable name="BOOTSTRAP_ADDRESS_port_2" defaultValue="2809"/>
    <variable name="CellDefaultKeyStore_rhel9_baseCell01_KeyStore_1_location" defaultValue="modresorts-2_0_0_war_ear_rhel9-baseCell01_CellDefaultKeyStore_key.p12"/>
    <variable name="CellDefaultSSLSettings_rhel9_baseCell01_SSLConfig_1_sslProtocol" defaultValue="TLSv1.3,TLSv1.2"/>
    <variable name="CellDefaultTrustStore_rhel9_baseCell01_KeyStore_2_location" defaultValue="modresorts-2_0_0_war_ear_rhel9-baseCell01_CellDefaultTrustStore_trust.p12"/>
    <variable name="CSIV2_SSL_SERVERAUTH_LISTENER_ADDRESS_2" defaultValue="9403"/>
    <variable name="httpEndpoint_host_2" defaultValue="*"/>
    <variable name="httpEndpoint_port_2" defaultValue="9080"/>
    <variable name="httpEndpoint_secure_port_2" defaultValue="9443"/>

    <!-- The following variables are used to replace sensitive data in the server.xml file for the application.
         The values for these variables were not collected because the includeSensitiveData option was not specified.
    -->
    <variable name="CellDefaultKeyStore_rhel9_baseCell01_KeyStore_1_password" defaultValue=""/>
    <variable name="CellDefaultTrustStore_rhel9_baseCell01_KeyStore_2_password" defaultValue=""/>
</server>
