<?xml version="1.0" encoding="UTF-8" standalone="yes"?>
<server description="Configuration generated by binaryAppScanner">
    <mimeTypes>
        <type>oda=application/oda</type>
        <type>dssc=application/dssc+der</type>
        <type>wg=application/vnd.pmi.widget</type>
        <type>karbon=application/vnd.kde.karbon</type>
        <type>xdssc=application/dssc+xml</type>
        <type>vxml=application/voicexml+xml</type>
        <type>xps=application/vnd.ms-xpsdocument</type>
        <type>p7m=application/pkcs7-mime</type>
        <type>p7c=application/pkcs7-mime</type>
        <type>prc=application/x-mobipocket-ebook</type>
        <type>mobi=application/x-mobipocket-ebook</type>
        <type>res=application/x-dtbresource+xml</type>
        <type>onetoc2=application/onenote</type>
        <type>onetmp=application/onenote</type>
        <type>onetoc=application/onenote</type>
        <type>onepkg=application/onenote</type>
        <type>stw=application/vnd.sun.xml.writer.template</type>
        <type>sdc=application/vnd.stardivision.calc</type>
        <type>sxi=application/vnd.sun.xml.impress</type>
        <type>xsm=application/vnd.syncml+xml</type>
        <type>xif=image/vnd.xiff</type>
        <type>xhvml=application/xv+xml</type>
        <type>mxml=application/xv+xml</type>
        <type>xvml=application/xv+xml</type>
        <type>xvm=application/xv+xml</type>
        <type>wpl=application/vnd.ms-wpl</type>
        <type>cif=chemical/x-cif</type>
        <type>xfdf=application/vnd.adobe.xfdf</type>
        <type>mp4s=application/mp4</type>
        <type>STEP=application/STEP</type>
        <type>STP=application/STEP</type>
        <type>step=application/STEP</type>
        <type>stp=application/STEP</type>
        <type>unityweb=application/vnd.unity</type>
        <type>g3w=application/vnd.geospace</type>
        <type>midi=audio/midi</type>
        <type>mid=audio/midi</type>
        <type>kar=audio/midi</type>
        <type>rmi=audio/midi</type>
        <type>bdf=application/x-font-bdf</type>
        <type>eol=audio/vnd.digital-winds</type>
        <type>atomsvc=application/atomsvc+xml</type>
        <type>jisp=application/vnd.jisp</type>
        <type>sldm=application/vnd.ms-powerpoint.slide.macroenabled.12</type>
        <type>wmv=video/x-ms-wmv</type>
        <type>wmx=video/x-ms-wmx</type>
        <type>DGW=application/acad</type>
        <type>dgw=application/acad</type>
        <type>sc=application/vnd.ibm.secure-container</type>
        <type>clkk=application/vnd.crick.clicker.keyboard</type>
        <type>sse=application/vnd.kodak-descriptor</type>
        <type>ecelp4800=audio/vnd.nuera.ecelp4800</type>
        <type>vcg=application/vnd.groove-vcard</type>
        <type>opf=application/oebps-package+xml</type>
        <type>cgm=image/cgm</type>
        <type>xfdl=application/vnd.xfdl</type>
        <type>xlsb=application/vnd.ms-excel.sheet.binary.macroenabled.12</type>
        <type>dtb=application/x-dtbook+xml</type>
        <type>CCAD=application/clariscad</type>
        <type>ifb=text/calendar</type>
        <type>ics=text/calendar</type>
        <type>mmf=application/vnd.smaf</type>
        <type>zip=application/zip</type>
        <type>jad=text/vnd.sun.j2me.app-descriptor</type>
        <type>mwf=application/vnd.mfer</type>
        <type>pclxl=application/vnd.hp-pclxl</type>
        <type>swf=application/x-shockwave-flash</type>
        <type>cu=application/cu-seeme</type>
        <type>mbk=application/vnd.mobius.mbk</type>
        <type>dcurl=text/vnd.curl.dcurl</type>
        <type>DRW=application/drafting</type>
        <type>ppsx=application/vnd.openxmlformats-officedocument.presentationml.slideshow</type>
        <type>aac=audio/x-aac</type>
        <type>sldx=application/vnd.openxmlformats-officedocument.presentationml.slide</type>
        <type>hvd=application/vnd.yamaha.hv-dic</type>
        <type>ogv=video/ogg</type>
        <type>wcm=application/vnd.ms-works</type>
        <type>wdb=application/vnd.ms-works</type>
        <type>wps=application/vnd.ms-works</type>
        <type>wks=application/vnd.ms-works</type>
        <type>slt=application/vnd.epson.salt</type>
        <type>deb=application/x-debian-package</type>
        <type>udeb=application/x-debian-package</type>
        <type>swi=application/vnd.aristanetworks.swi</type>
        <type>stl=application/vnd.ms-pki.stl</type>
        <type>gdl=model/vnd.gdl</type>
        <type>xbap=application/x-ms-xbap</type>
        <type>les=application/vnd.hhe.lesson-player</type>
        <type>flx=text/vnd.fmi.flexstor</type>
        <type>sitx=application/x-stuffitx</type>
        <type>odg=application/vnd.oasis.opendocument.graphics</type>
        <type>eot=application/vnd.ms-fontobject</type>
        <type>rpss=application/vnd.nokia.radio-presets</type>
        <type>potx=application/vnd.openxmlformats-officedocument.presentationml.template</type>
        <type>h261=video/h261</type>
        <type>UNV=application/i-deas</type>
        <type>unv=application/i-deas</type>
        <type>h263=video/h263</type>
        <type>h264=video/h264</type>
        <type>rpst=application/vnd.nokia.radio-preset</type>
        <type>kon=application/vnd.kde.kontour</type>
        <type>dotm=application/vnd.ms-word.template.macroenabled.12</type>
        <type>csv=text/csv</type>
        <type>setreg=application/set-registration-initiation</type>
        <type>ptid=application/vnd.pvi.ptid1</type>
        <type>xop=application/xop+xml</type>
        <type>ods=application/vnd.oasis.opendocument.spreadsheet</type>
        <type>xap=application/x-silverlight-app</type>
        <type>pcf=application/x-font-pcf</type>
        <type>musicxml=application/vnd.recordare.musicxml+xml</type>
        <type>clkw=application/vnd.crick.clicker.wordbank</type>
        <type>cdbcmsg=application/vnd.contact.cmsg</type>
        <type>xslt=application/xslt+xml</type>
        <type>cml=chemical/x-cml</type>
        <type>dotx=application/vnd.openxmlformats-officedocument.wordprocessingml.template</type>
        <type>wmlc=application/vnd.wap.wmlc</type>
        <type>pml=application/vnd.ctc-posml</type>
        <type>bin=application/octet-stream</type>
        <type>lrf=application/octet-stream</type>
        <type>lha=application/octet-stream</type>
        <type>iso=application/octet-stream</type>
        <type>dist=application/octet-stream</type>
        <type>deploy=application/octet-stream</type>
        <type>dms=application/octet-stream</type>
        <type>pkg=application/octet-stream</type>
        <type>dump=application/octet-stream</type>
        <type>distz=application/octet-stream</type>
        <type>lzh=application/octet-stream</type>
        <type>elc=application/octet-stream</type>
        <type>so=application/octet-stream</type>
        <type>bpk=application/octet-stream</type>
        <type>dmg=application/octet-stream</type>
        <type>torrent=application/x-bittorrent</type>
        <type>pwn=application/vnd.3m.post-it-notes</type>
        <type>oth=application/vnd.oasis.opendocument.text-web</type>
        <type>srx=application/sparql-results+xml</type>
        <type>fg5=application/vnd.fujitsu.oasysgp</type>
        <type>rq=application/sparql-query</type>
        <type>ccxml=application/ccxml+xml</type>
        <type>json=application/json</type>
        <type>xdm=application/vnd.syncml.dm+xml</type>
        <type>psb=application/vnd.3gpp.pic-bw-small</type>
        <type>pdf=application/pdf</type>
        <type>xenc=application/xenc+xml</type>
        <type>setpay=application/set-payment-initiation</type>
        <type>xpi=application/x-xpinstall</type>
        <type>qam=application/vnd.epson.quickanime</type>
        <type>gmx=application/vnd.gmx</type>
        <type>oas=application/vnd.fujitsu.oasys</type>
        <type>smf=application/vnd.stardivision.math</type>
        <type>qbo=application/vnd.intu.qbo</type>
        <type>xltx=application/vnd.openxmlformats-officedocument.spreadsheetml.template</type>
        <type>mdb=application/x-msaccess</type>
        <type>adp=audio/adpcm</type>
        <type>fig=application/x-xfig</type>
        <type>clkt=application/vnd.crick.clicker.template</type>
        <type>plc=application/vnd.mobius.plc</type>
        <type>seed=application/vnd.fdsn.seed</type>
        <type>dataless=application/vnd.fdsn.seed</type>
        <type>otp=application/vnd.oasis.opendocument.presentation-template</type>
        <type>ssml=application/ssml+xml</type>
        <type>oxt=application/vnd.openofficeorg.extension</type>
        <type>skm=application/vnd.koan</type>
        <type>skp=application/vnd.koan</type>
        <type>skt=application/vnd.koan</type>
        <type>skd=application/vnd.koan</type>
        <type>kwt=application/vnd.kde.kword</type>
        <type>kwd=application/vnd.kde.kword</type>
        <type>PS=application/postscript</type>
        <type>ai=application/postscript</type>
        <type>eps=application/postscript</type>
        <type>ps=application/postscript</type>
        <type>car=application/vnd.curl.car</type>
        <type>ddd=application/vnd.fujixerox.ddd</type>
        <type>m3u8=application/vnd.apple.mpegurl</type>
        <type>mpy=application/vnd.ibm.minipay</type>
        <type>jar=application/java-archive</type>
        <type>ram=audio/x-pn-realaudio</type>
        <type>ra=audio/x-pn-realaudio</type>
        <type>odc=application/vnd.oasis.opendocument.chart</type>
        <type>wspolicy=application/wspolicy+xml</type>
        <type>flw=application/vnd.kde.kivio</type>
        <type>nlu=application/vnd.neurolanguage.nlu</type>
        <type>PRT=application/pro_eng</type>
        <type>prt=application/pro_eng</type>
        <type>m3u=audio/x-mpegurl</type>
        <type>shf=application/shf+xml</type>
        <type>scurl=text/vnd.curl.scurl</type>
        <type>acu=application/vnd.acucobol</type>
        <type>mts=model/vnd.mts</type>
        <type>cmp=application/vnd.yellowriver-custom-menu</type>
        <type>m4v=video/x-m4v</type>
        <type>xyz=chemical/x-xyz</type>
        <type>dxp=application/vnd.spotfire.dxp</type>
        <type>cpt=application/mac-compactpro</type>
        <type>SET=application/set</type>
        <type>set=application/set</type>
        <type>davmount=application/davmount+xml</type>
        <type>str=application/vnd.pg.format</type>
        <type>zir=application/vnd.zul</type>
        <type>zirz=application/vnd.zul</type>
        <type>sgml=text/sgml</type>
        <type>sgm=text/sgml</type>
        <type>cla=application/vnd.claymore</type>
        <type>mj2=video/mj2</type>
        <type>mjp2=video/mj2</type>
        <type>c4d=application/vnd.clonk.c4group</type>
        <type>c4u=application/vnd.clonk.c4group</type>
        <type>c4f=application/vnd.clonk.c4group</type>
        <type>c4g=application/vnd.clonk.c4group</type>
        <type>c4p=application/vnd.clonk.c4group</type>
        <type>sti=application/vnd.sun.xml.impress.template</type>
        <type>obd=application/x-msbinder</type>
        <type>rnc=application/relax-ng-compact-syntax</type>
        <type>SOL=application/solids</type>
        <type>uoml=application/vnd.uoml+xml</type>
        <type>ez2=application/vnd.ezpix-album</type>
        <type>sgl=application/vnd.stardivision.writer-global</type>
        <type>ltf=application/vnd.frogans.ltf</type>
        <type>igx=application/vnd.micrografx.igx</type>
        <type>mseq=application/vnd.mseq</type>
        <type>fzs=application/vnd.fuzzysheet</type>
        <type>iif=application/vnd.shana.informed.interchange</type>
        <type>atom=application/atom+xml</type>
        <type>dpg=application/vnd.dpgraph</type>
        <type>VDA=application/vda</type>
        <type>vda=application/vda</type>
        <type>snf=application/x-font-snf</type>
        <type>pub=application/x-mspublisher</type>
        <type>sig=application/pgp-signature</type>
        <type>asc=application/pgp-signature</type>
        <type>npx=image/vnd.net-fpx</type>
        <type>wqd=application/vnd.wqd</type>
        <type>clp=application/x-msclip</type>
        <type>nnw=application/vnd.noblenet-web</type>
        <type>mpm=application/vnd.blueice.multipass</type>
        <type>t=text/troff</type>
        <type>ms=text/troff</type>
        <type>me=text/troff</type>
        <type>man=text/troff</type>
        <type>roff=text/troff</type>
        <type>tr=text/troff</type>
        <type>lvp=audio/vnd.lucent.voice</type>
        <type>123=application/vnd.lotus-1-2-3</type>
        <type>wk1=application/vnd.lotus-1-2-3</type>
        <type>wk3=application/vnd.lotus-1-2-3</type>
        <type>wk4=application/vnd.lotus-1-2-3</type>
        <type>esf=application/vnd.epson.esf</type>
        <type>spc=application/x-pkcs7-certificates</type>
        <type>p7b=application/x-pkcs7-certificates</type>
        <type>docx=application/vnd.openxmlformats-officedocument.wordprocessingml.document</type>
        <type>xo=application/vnd.olpc-sugar</type>
        <type>wvx=video/x-ms-wvx</type>
        <type>ksp=application/vnd.kde.kspread</type>
        <type>mxf=application/mxf</type>
        <type>qfx=application/vnd.intu.qfx</type>
        <type>txf=application/vnd.mobius.txf</type>
        <type>pki=application/pkixcmp</type>
        <type>apr=application/vnd.lotus-approach</type>
        <type>vew=application/vnd.lotus-approach</type>
        <type>mfm=application/vnd.mfmp</type>
        <type>n-gage=application/vnd.nokia.n-gage.symbian.install</type>
        <type>csml=chemical/x-csml</type>
        <type>mseed=application/vnd.fdsn.mseed</type>
        <type>ext=application/vnd.novadigm.ext</type>
        <type>wbmp=image/vnd.wap.wbmp</type>
        <type>pkipath=application/pkix-pkipath</type>
        <type>java=text/x-java-source</type>
        <type>psd=image/vnd.adobe.photoshop</type>
        <type>mxu=video/vnd.mpegurl</type>
        <type>m4u=video/vnd.mpegurl</type>
        <type>pre=application/vnd.lotus-freelance</type>
        <type>prz=application/vnd.lotus-freelance</type>
        <type>scs=application/scvp-cv-response</type>
        <type>xpr=application/vnd.is-xpr</type>
        <type>gre=application/vnd.geometry-explorer</type>
        <type>gex=application/vnd.geometry-explorer</type>
        <type>fli=video/x-fli</type>
        <type>sxd=application/vnd.sun.xml.draw</type>
        <type>cdxml=application/vnd.chemdraw+xml</type>
        <type>sdp=application/sdp</type>
        <type>urls=text/uri-list</type>
        <type>uris=text/uri-list</type>
        <type>uri=text/uri-list</type>
        <type>com=application/x-msdownload</type>
        <type>exe=application/x-msdownload</type>
        <type>msi=application/x-msdownload</type>
        <type>dll=application/x-msdownload</type>
        <type>bat=application/x-msdownload</type>
        <type>rdz=application/vnd.data-vision.rdz</type>
        <type>or2=application/vnd.lotus-organizer</type>
        <type>or3=application/vnd.lotus-organizer</type>
        <type>org=application/vnd.lotus-organizer</type>
        <type>crd=application/x-mscardfile</type>
        <type>flv=video/x-flv</type>
        <type>see=application/vnd.seemail</type>
        <type>lostxml=application/lost+xml</type>
        <type>rsd=application/rsd+xml</type>
        <type>mpt=application/vnd.ms-project</type>
        <type>mpp=application/vnd.ms-project</type>
        <type>fbs=image/vnd.fastbidsheet</type>
        <type>twd=application/vnd.simtech-mindmapper</type>
        <type>twds=application/vnd.simtech-mindmapper</type>
        <type>p7r=application/x-pkcs7-certreqresp</type>
        <type>dna=application/vnd.dna</type>
        <type>scm=application/vnd.lotus-screencam</type>
        <type>sbml=application/sbml+xml</type>
        <type>cii=application/vnd.anser-web-certificate-issue-initiation</type>
        <type>cod=application/vnd.rim.cod</type>
        <type>wbxml=application/vnd.wap.wbxml</type>
        <type>nbp=application/vnd.wolfram.player</type>
        <type>grv=application/vnd.groove-injector</type>
        <type>odt=application/vnd.oasis.opendocument.text</type>
        <type>ngdat=application/vnd.nokia.n-gage.data</type>
        <type>pptx=application/vnd.openxmlformats-officedocument.presentationml.presentation</type>
        <type>mpn=application/vnd.mophun.application</type>
        <type>lwp=application/vnd.lotus-wordpro</type>
        <type>sam=application/vnd.lotus-wordpro</type>
        <type>rms=application/vnd.jcp.javame.midlet-rms</type>
        <type>ttc=application/x-font-ttf</type>
        <type>ttf=application/x-font-ttf</type>
        <type>cmdf=chemical/x-cmdf</type>
        <type>pbd=application/vnd.powerbuilder6</type>
        <type>psf=application/x-font-linux-psf</type>
        <type>saf=application/vnd.yamaha.smaf-audio</type>
        <type>tfm=application/x-tex-tfm</type>
        <type>portpkg=application/vnd.macports.portpkg</type>
        <type>cdy=application/vnd.cinderella</type>
        <type>umj=application/vnd.umajin</type>
        <type>bcpio=application/x-bcpio</type>
        <type>vsf=application/vnd.vsf</type>
        <type>rmp=audio/x-pn-realaudio-plugin</type>
        <type>kia=application/vnd.kidspiration</type>
        <type>hqx=application/mac-binhex40</type>
        <type>doc=application/msword</type>
        <type>dot=application/msword</type>
        <type>xdp=application/vnd.adobe.xdp+xml</type>
        <type>tar=application/x-tar</type>
        <type>itp=application/vnd.shana.informed.formtemplate</type>
        <type>wax=audio/x-ms-wax</type>
        <type>xlam=application/vnd.ms-excel.addin.macroenabled.12</type>
        <type>bsh=application/x-bsh</type>
        <type>air=application/vnd.adobe.air-application-installer-package+zip</type>
        <type>p7s=application/pkcs7-signature</type>
        <type>cil=application/vnd.ms-artgalry</type>
        <type>mpg4=video/mp4</type>
        <type>mp4=video/mp4</type>
        <type>mp4v=video/mp4</type>
        <type>bdm=application/vnd.syncml.dm+wbxml</type>
        <type>ssf=application/vnd.epson.ssf</type>
        <type>fgd=application/x-director</type>
        <type>dcr=application/x-director</type>
        <type>cct=application/x-director</type>
        <type>cst=application/x-director</type>
        <type>w3d=application/x-director</type>
        <type>swa=application/x-director</type>
        <type>dir=application/x-director</type>
        <type>dxr=application/x-director</type>
        <type>cxt=application/x-director</type>
        <type>ggb=application/vnd.geogebra.file</type>
        <type>rlc=image/vnd.fujixerox.edmics-rlc</type>
        <type>list3820=application/vnd.ibm.modcap</type>
        <type>afp=application/vnd.ibm.modcap</type>
        <type>listafp=application/vnd.ibm.modcap</type>
        <type>cpio=application/x-cpio</type>
        <type>fnc=application/vnd.frogans.fnc</type>
        <type>gsf=application/x-font-ghostscript</type>
        <type>mus=application/vnd.musician</type>
        <type>png=image/png</type>
        <type>txd=application/vnd.genomatix.tuxedo</type>
        <type>mdi=image/vnd.ms-modi</type>
        <type>stc=application/vnd.sun.xml.calc.template</type>
        <type>wmf=application/x-msmetafile</type>
        <type>mpc=application/vnd.mophun.certificate</type>
        <type>bmi=application/vnd.bmi</type>
        <type>csh=application/x-csh</type>
        <type>ggt=application/vnd.geogebra.tool</type>
        <type>tpt=application/vnd.trid.tpt</type>
        <type>ifm=application/vnd.shana.informed.formdata</type>
        <type>nb=application/mathematica</type>
        <type>ma=application/mathematica</type>
        <type>mb=application/mathematica</type>
        <type>vss=application/vnd.visio</type>
        <type>vst=application/vnd.visio</type>
        <type>vsd=application/vnd.visio</type>
        <type>vsw=application/vnd.visio</type>
        <type>odft=application/vnd.oasis.opendocument.formula-template</type>
        <type>qxl=application/vnd.quark.quarkxpress</type>
        <type>qxb=application/vnd.quark.quarkxpress</type>
        <type>qxt=application/vnd.quark.quarkxpress</type>
        <type>qxd=application/vnd.quark.quarkxpress</type>
        <type>qwt=application/vnd.quark.quarkxpress</type>
        <type>qwd=application/vnd.quark.quarkxpress</type>
        <type>js=application/javascript</type>
        <type>mcd=application/vnd.mcd</type>
        <type>sdd=application/vnd.stardivision.impress</type>
        <type>dvi=application/x-dvi</type>
        <type>gph=application/vnd.flographit</type>
        <type>pct=image/x-pict</type>
        <type>pic=image/x-pict</type>
        <type>ppam=application/vnd.ms-powerpoint.addin.macroenabled.12</type>
        <type>et3=application/vnd.eszigno3+xml</type>
        <type>es3=application/vnd.eszigno3+xml</type>
        <type>mxs=application/vnd.triscape.mxs</type>
        <type>rm=application/vnd.rn-realmedia</type>
        <type>otg=application/vnd.oasis.opendocument.graphics-template</type>
        <type>xspf=application/xspf+xml</type>
        <type>mbox=application/mbox</type>
        <type>rss=application/rss+xml</type>
        <type>prs=application/x-freelance</type>
        <type>wri=application/x-mswrite</type>
        <type>htke=application/vnd.kenameaapp</type>
        <type>acc=application/vnd.americandynamics.acc</type>
        <type>cer=application/pkix-cert</type>
        <type>ei6=application/vnd.pg.osasli</type>
        <type>link66=application/vnd.route66.link66+xml</type>
        <type>sxw=application/vnd.sun.xml.writer</type>
        <type>msty=application/vnd.muvee.style</type>
        <type>aso=application/vnd.accpac.simply.aso</type>
        <type>ivp=application/vnd.immervision-ivp</type>
        <type>gtar=application/x-gtar</type>
        <type>pgn=application/x-chess-pgn</type>
        <type>utz=application/vnd.uiq.theme</type>
        <type>ktz=application/vnd.kahootz</type>
        <type>ktr=application/vnd.kahootz</type>
        <type>ivu=application/vnd.immervision-ivu</type>
        <type>mag=application/vnd.ecowin.chart</type>
        <type>svg=image/svg+xml</type>
        <type>svgz=image/svg+xml</type>
        <type>spl=application/x-futuresplash</type>
        <type>viv=video/vnd.vivo</type>
        <type>gtm=application/vnd.groove-tool-message</type>
        <type>fhc=image/x-freehand</type>
        <type>fh4=image/x-freehand</type>
        <type>fh=image/x-freehand</type>
        <type>fh5=image/x-freehand</type>
        <type>fh7=image/x-freehand</type>
        <type>hdf=application/x-hdf</type>
        <type>hps=application/vnd.hp-hps</type>
        <type>lbd=application/vnd.llamagraphics.life-balance.desktop</type>
        <type>geo=application/vnd.dynageo</type>
        <type>sit=application/x-stuffit</type>
        <type>cat=application/vnd.ms-pki.seccat</type>
        <type>dsc=text/prs.lines.tag</type>
        <type>fvt=video/vnd.fvt</type>
        <type>mqy=application/vnd.mobius.mqy</type>
        <type>pgp=application/pgp-encrypted</type>
        <type>clkp=application/vnd.crick.clicker.palette</type>
        <type>oga=audio/ogg</type>
        <type>spx=audio/ogg</type>
        <type>ogg=audio/ogg</type>
        <type>asf=video/x-ms-asf</type>
        <type>asx=video/x-ms-asf</type>
        <type>crl=application/pkix-crl</type>
        <type>mlp=application/vnd.dolby.mlp</type>
        <type>bh2=application/vnd.fujitsu.oasysprs</type>
        <type>ace=application/x-ace-compressed</type>
        <type>p12=application/x-pkcs12</type>
        <type>pfx=application/x-pkcs12</type>
        <type>cdkey=application/vnd.mediastation.cdkey</type>
        <type>ico=image/x-icon</type>
        <type>gim=application/vnd.groove-identity-message</type>
        <type>ksh=application/x-ksh</type>
        <type>fti=application/vnd.anser-web-funds-transfer-initiation</type>
        <type>ppd=application/vnd.cups-ppd</type>
        <type>pfr=application/font-tdpfr</type>
        <type>cab=application/vnd.ms-cab-compressed</type>
        <type>xpx=application/vnd.intercon.formnet</type>
        <type>xpw=application/vnd.intercon.formnet</type>
        <type>grxml=application/srgs+xml</type>
        <type>odi=application/vnd.oasis.opendocument.image</type>
        <type>fpx=image/vnd.fpx</type>
        <type>gac=application/vnd.groove-account</type>
        <type>joda=application/vnd.joost.joda-archive</type>
        <type>cdf=application/x-netcdf</type>
        <type>nc=application/x-netcdf</type>
        <type>djv=image/vnd.djvu</type>
        <type>djvu=image/vnd.djvu</type>
        <type>teacher=application/vnd.smart.teacher</type>
        <type>mpkg=application/vnd.apple.installer+xml</type>
        <type>kml=application/vnd.google-earth.kml+xml</type>
        <type>sh=application/x-sh</type>
        <type>shar=application/x-shar</type>
        <type>sv4cpio=application/x-sv4cpio</type>
        <type>sv4crc=application/x-sv4crc</type>
        <type>tcl=application/x-tcl</type>
        <type>tex=application/x-tex</type>
        <type>texi=application/x-texinfo</type>
        <type>texinfo=application/x-texinfo</type>
        <type>src=application/x-wais-source</type>
        <type>der=application/x-x509-ca-cert</type>
        <type>crt=application/x-x509-ca-cert</type>
        <type>au=audio/basic</type>
        <type>snd=audio/basic</type>
        <type>aif=audio/x-aiff</type>
        <type>aifc=audio/x-aiff</type>
        <type>aiff=audio/x-aiff</type>
        <type>wav=audio/x-wav</type>
        <type>bmp=image/bmp</type>
        <type>gif=image/gif</type>
        <type>ief=image/ief</type>
        <type>JPE=image/jpeg</type>
        <type>JPEG=image/jpeg</type>
        <type>JPG=image/jpeg</type>
        <type>jpe=image/jpeg</type>
        <type>jpeg=image/jpeg</type>
        <type>jpg=image/jpeg</type>
        <type>tif=image/tiff</type>
        <type>tiff=image/tiff</type>
        <type>pnm=image/x-portable-anymap</type>
        <type>pbm=image/x-portable-bitmap</type>
        <type>pgm=image/x-portable-graymap</type>
        <type>ppm=image/x-portable-pixmap</type>
        <type>rgb=image/x-rgb</type>
        <type>xbm=image/x-xbitmap</type>
        <type>xpm=image/x-xpixmap</type>
        <type>xwd=image/x-xwindowdump</type>
        <type>gz=multipart/x-gzip</type>
        <type>css=text/css</type>
        <type>htm=text/html</type>
        <type>html=text/html</type>
        <type>conf=text/plain</type>
        <type>def=text/plain</type>
        <type>list=text/plain</type>
        <type>log=text/plain</type>
        <type>lst=text/plain</type>
        <type>m=text/plain</type>
        <type>mar=text/plain</type>
        <type>sdml=text/plain</type>
        <type>txt=text/plain</type>
        <type>in=text/plain</type>
        <type>text=text/plain</type>
        <type>rtx=text/richtext</type>
        <type>tsv=text/tab-separated-values</type>
        <type>asm=text/x-asm</type>
        <type>s=text/x-asm</type>
        <type>etx=text/x-setext</type>
        <type>htmls=text/x-ssi-html</type>
        <type>shtml=text/x-ssi-html</type>
        <type>uil=text/x-uil</type>
        <type>latex=application/x-latex</type>
        <type>uu=text/x-uuencode</type>
        <type>MPE=video/mpeg</type>
        <type>MPEG=video/mpeg</type>
        <type>MPG=video/mpeg</type>
        <type>mpe=video/mpeg</type>
        <type>mpeg=video/mpeg</type>
        <type>mpg=video/mpeg</type>
        <type>m2v=video/mpeg</type>
        <type>m1v=video/mpeg</type>
        <type>mov=video/quicktime</type>
        <type>qt=video/quicktime</type>
        <type>mjpg=video/x-motion-jpeg</type>
        <type>avi=video/x-msvideo</type>
        <type>movie=video/x-sgi-movie</type>
        <type>*=www/unknown</type>
        <type>*.*=www/unknown</type>
        <type>xsl=application/xml</type>
        <type>xml=application/xml</type>
        <type>xul=application/vnd.mozilla.xul+xml</type>
        <type>msl=application/vnd.mobius.msl</type>
        <type>flo=application/vnd.micrografx.flo</type>
        <type>x3d=application/vnd.hzn-3d-crossword</type>
        <type>mscml=application/mediaservercontrol+xml</type>
        <type>jlt=application/vnd.hp-jlyt</type>
        <type>gtw=model/vnd.gtw</type>
        <type>daf=application/vnd.mobius.daf</type>
        <type>zaz=application/vnd.zzazz.deck+xml</type>
        <type>cww=application/prs.cww</type>
        <type>sfd-hdstx=application/vnd.hydrostatix.sof-data</type>
        <type>pfm=application/x-font-type1</type>
        <type>afm=application/x-font-type1</type>
        <type>pfa=application/x-font-type1</type>
        <type>pfb=application/x-font-type1</type>
        <type>ipfix=application/ipfix</type>
        <type>rif=application/reginfo+xml</type>
        <type>vcf=text/x-vcard</type>
        <type>sxc=application/vnd.sun.xml.calc</type>
        <type>hpgl=application/vnd.hp-hpgl</type>
        <type>igl=application/vnd.igloader</type>
        <type>jam=application/vnd.jam</type>
        <type>dra=audio/vnd.dra</type>
        <type>maker=application/vnd.framemaker</type>
        <type>fm=application/vnd.framemaker</type>
        <type>book=application/vnd.framemaker</type>
        <type>frame=application/vnd.framemaker</type>
        <type>sus=application/vnd.sus-calendar</type>
        <type>susp=application/vnd.sus-calendar</type>
        <type>ecma=application/ecmascript</type>
        <type>rs=application/rls-services+xml</type>
        <type>mp3=audio/mpeg</type>
        <type>mp2a=audio/mpeg</type>
        <type>m3a=audio/mpeg</type>
        <type>m2a=audio/mpeg</type>
        <type>mpga=audio/mpeg</type>
        <type>mp2=audio/mpeg</type>
        <type>odp=application/vnd.oasis.opendocument.presentation</type>
        <type>mmd=application/vnd.chipnuts.karaoke-mmd</type>
        <type>icm=application/vnd.iccprofile</type>
        <type>icc=application/vnd.iccprofile</type>
        <type>nsf=application/vnd.lotus-notes</type>
        <type>mrc=application/marc</type>
        <type>sisx=application/vnd.symbian.install</type>
        <type>sis=application/vnd.symbian.install</type>
        <type>emma=application/emma+xml</type>
        <type>wml=text/vnd.wap.wml</type>
        <type>ecelp9600=audio/vnd.nuera.ecelp9600</type>
        <type>hlp=application/winhlp</type>
        <type>efif=application/vnd.picsel</type>
        <type>atomcat=application/atomcat+xml</type>
        <type>ghf=application/vnd.groove-help</type>
        <type>dp=application/vnd.osgi.dp</type>
        <type>pcl=application/vnd.hp-pcl</type>
        <type>rar=application/x-rar-compressed</type>
        <type>vis=application/vnd.visionary</type>
        <type>f4v=video/x-f4v</type>
        <type>btif=image/prs.btif</type>
        <type>kpr=application/vnd.kde.kpresenter</type>
        <type>kpt=application/vnd.kde.kpresenter</type>
        <type>vor=application/vnd.stardivision.writer</type>
        <type>dtshd=audio/vnd.dts.hd</type>
        <type>gxt=application/vnd.geonext</type>
        <type>3dml=text/vnd.in3d.3dml</type>
        <type>st=application/vnd.sailingtracker.track</type>
        <type>hpid=application/vnd.hp-hpid</type>
        <type>azf=application/vnd.airzip.filesecure.azf</type>
        <type>mif=application/vnd.mif</type>
        <type>mc1=application/vnd.medcalcdata</type>
        <type>vtu=model/vnd.vtu</type>
        <type>wsdl=application/wsdl+xml</type>
        <type>ogx=application/ogg</type>
        <type>fst=image/vnd.fst</type>
        <type>tra=application/vnd.trueapp</type>
        <type>jpm=video/jpm</type>
        <type>jpgm=video/jpm</type>
        <type>azs=application/vnd.airzip.filesecure.azs</type>
        <type>aep=application/vnd.audiograph</type>
        <type>box=application/vnd.previewsystems.box</type>
        <type>rp9=application/vnd.cloanto.rp9</type>
        <type>atx=application/vnd.antix.game-component</type>
        <type>ser=application/java-serialized-object</type>
        <type>pcx=image/x-pcx</type>
        <type>tpl=application/vnd.groove-tool-template</type>
        <type>oa2=application/vnd.fujitsu.oasys2</type>
        <type>oa3=application/vnd.fujitsu.oasys3</type>
        <type>bed=application/vnd.realvnc.bed</type>
        <type>svd=application/vnd.svd</type>
        <type>spq=application/scvp-vp-request</type>
        <type>aas=application/x-authorware-seg</type>
        <type>dts=audio/vnd.dts</type>
        <type>ice=x-conference/x-cooltalk</type>
        <type>smil=application/smil+xml</type>
        <type>smi=application/smil+xml</type>
        <type>hvp=application/vnd.yamaha.hv-voice</type>
        <type>hh=text/x-c</type>
        <type>cc=text/x-c</type>
        <type>cpp=text/x-c</type>
        <type>cxx=text/x-c</type>
        <type>c=text/x-c</type>
        <type>h=text/x-c</type>
        <type>dic=text/x-c</type>
        <type>ipk=application/vnd.shana.informed.package</type>
        <type>oti=application/vnd.oasis.opendocument.image-template</type>
        <type>mime=message/rfc822</type>
        <type>eml=message/rfc822</type>
        <type>prf=application/pics-rules</type>
        <type>aw=application/applixware</type>
        <type>otf=application/x-font-otf</type>
        <type>nml=application/vnd.enliven</type>
        <type>edm=application/vnd.novadigm.edm</type>
        <type>g2w=application/vnd.geoplan</type>
        <type>wmd=application/x-ms-wmd</type>
        <type>application=application/x-ms-application</type>
        <type>plb=application/vnd.3gpp.pic-bw-large</type>
        <type>wrl=model/vrml</type>
        <type>vrml=model/vrml</type>
        <type>paw=application/vnd.pawaafile</type>
        <type>class=application/java-vm</type>
        <type>lbe=application/vnd.llamagraphics.life-balance.exchange+xml</type>
        <type>edx=application/vnd.novadigm.edx</type>
        <type>mny=application/x-msmoney</type>
        <type>dfac=application/vnd.dreamfactory</type>
        <type>3g2=video/3gpp2</type>
        <type>wmlsc=application/vnd.wap.wmlscriptc</type>
        <type>fsc=application/vnd.fsc.weblaunch</type>
        <type>spf=application/vnd.yamaha.smaf-phrase</type>
        <type>spp=application/scvp-vp-response</type>
        <type>wmz=application/x-ms-wmz</type>
        <type>sda=application/vnd.stardivision.draw</type>
        <type>nns=application/vnd.noblenet-sealer</type>
        <type>gnumeric=application/x-gnumeric</type>
        <type>gqs=application/vnd.grafeq</type>
        <type>gqf=application/vnd.grafeq</type>
        <type>lrm=application/vnd.ms-lrm</type>
        <type>xlsx=application/vnd.openxmlformats-officedocument.spreadsheetml.sheet</type>
        <type>nnd=application/vnd.noblenet-directory</type>
        <type>tmo=application/vnd.tmobile-livetv</type>
        <type>mgz=application/vnd.proteus.magazine</type>
        <type>3gp=video/3gpp</type>
        <type>rld=application/resource-lists-diff+xml</type>
        <type>p10=application/pkcs10</type>
        <type>sfs=application/vnd.spotfire.sfs</type>
        <type>wtb=application/vnd.webturbo</type>
        <type>vcd=application/x-cdlink</type>
        <type>xhtml=application/xhtml+xml</type>
        <type>xht=application/xhtml+xml</type>
        <type>sdkm=application/vnd.solent.sdkm+xml</type>
        <type>sdkd=application/vnd.solent.sdkm+xml</type>
        <type>ncx=application/x-dtbncx+xml</type>
        <type>wma=audio/x-ms-wma</type>
        <type>chm=application/vnd.ms-htmlhelp</type>
        <type>hvs=application/vnd.yamaha.hv-script</type>
        <type>xer=application/patch-ops-error+xml</type>
        <type>ott=application/vnd.oasis.opendocument.text-template</type>
        <type>xar=application/vnd.xara</type>
        <type>ufd=application/vnd.ufdl</type>
        <type>ufdl=application/vnd.ufdl</type>
        <type>qps=application/vnd.publishare-delta-tree</type>
        <type>vcs=text/x-vcalendar</type>
        <type>gv=text/vnd.graphviz</type>
        <type>ppsm=application/vnd.ms-powerpoint.slideshow.macroenabled.12</type>
        <type>f77=text/x-fortran</type>
        <type>f=text/x-fortran</type>
        <type>for=text/x-fortran</type>
        <type>f90=text/x-fortran</type>
        <type>rdf=application/rdf+xml</type>
        <type>hbci=application/vnd.hbci</type>
        <type>sxm=application/vnd.sun.xml.math</type>
        <type>wpd=application/vnd.wordperfect</type>
        <type>pls=application/pls+xml</type>
        <type>docm=application/vnd.ms-word.document.macroenabled.12</type>
        <type>cmx=image/x-cmx</type>
        <type>ecelp7470=audio/vnd.nuera.ecelp7470</type>
        <type>osf=application/vnd.yamaha.openscoreformat</type>
        <type>ims=application/vnd.ms-ims</type>
        <type>tcap=application/vnd.3gpp2.tcap</type>
        <type>curl=text/vnd.curl</type>
        <type>rep=application/vnd.businessobjects</type>
        <type>mmr=image/vnd.fujixerox.edmics-mmr</type>
        <type>irp=application/vnd.irepository.package+xml</type>
        <type>msf=application/vnd.epson.msf</type>
        <type>pya=audio/vnd.ms-playready.media.pya</type>
        <type>ras=image/x-cmu-raster</type>
        <type>gram=application/srgs</type>
        <type>osfpvg=application/vnd.yamaha.openscoreformat.osfpvg+xml</type>
        <type>ustar=application/x-ustar</type>
        <type>trm=application/x-msterminal</type>
        <type>csp=application/vnd.commonspace</type>
        <type>kfo=application/vnd.kde.kformula</type>
        <type>imp=application/vnd.accpac.simply.imp</type>
        <type>odb=application/vnd.oasis.opendocument.database</type>
        <type>wbs=application/vnd.criticaltools.wbs+xml</type>
        <type>stk=application/hyperstudio</type>
        <type>sxg=application/vnd.sun.xml.writer.global</type>
        <type>dis=application/vnd.mobius.dis</type>
        <type>dwf=model/vnd.dwf</type>
        <type>scd=application/x-msschedule</type>
        <type>dd2=application/vnd.oma.dd2+xml</type>
        <type>msh=model/mesh</type>
        <type>silo=model/mesh</type>
        <type>mesh=model/mesh</type>
        <type>pqa=application/vnd.palm</type>
        <type>oprc=application/vnd.palm</type>
        <type>pdb=application/vnd.palm</type>
        <type>aab=application/x-authorware-bin</type>
        <type>u32=application/x-authorware-bin</type>
        <type>x32=application/x-authorware-bin</type>
        <type>vox=application/x-authorware-bin</type>
        <type>scq=application/scvp-cv-request</type>
        <type>ez=application/andrew-inset</type>
        <type>mxl=application/vnd.recordare.musicxml</type>
        <type>abw=application/x-abiword</type>
        <type>rcprofile=application/vnd.ipunplugged.rcprofile</type>
        <type>potm=application/vnd.ms-powerpoint.template.macroenabled.12</type>
        <type>tao=application/vnd.tao.intent-module-archive</type>
        <type>rtf=application/rtf</type>
        <type>cdx=chemical/x-cdx</type>
        <type>chat=application/x-chat</type>
        <type>xlsm=application/vnd.ms-excel.sheet.macroenabled.12</type>
        <type>xlt=application/vnd.ms-excel</type>
        <type>xlw=application/vnd.ms-excel</type>
        <type>xlm=application/vnd.ms-excel</type>
        <type>xla=application/vnd.ms-excel</type>
        <type>xlc=application/vnd.ms-excel</type>
        <type>xls=application/vnd.ms-excel</type>
        <type>pyv=video/vnd.ms-playready.media.pyv</type>
        <type>cmc=application/vnd.cosmocaller</type>
        <type>wm=video/x-ms-wm</type>
        <type>stf=application/vnd.wt.stf</type>
        <type>xdw=application/vnd.fujixerox.docuworks</type>
        <type>mp4a=audio/mp4</type>
        <type>apk=application/vnd.android.package-archive</type>
        <type>atc=application/vnd.acucorp</type>
        <type>acutc=application/vnd.acucorp</type>
        <type>g3=image/g3fax</type>
        <type>dwg=image/vnd.dwg</type>
        <type>irm=application/vnd.ibm.rights-management</type>
        <type>bz2=application/x-bzip2</type>
        <type>boz=application/x-bzip2</type>
        <type>kne=application/vnd.kinar</type>
        <type>knp=application/vnd.kinar</type>
        <type>rl=application/resource-lists+xml</type>
        <type>odf=application/vnd.oasis.opendocument.formula</type>
        <type>pptm=application/vnd.ms-powerpoint.presentation.macroenabled.12</type>
        <type>azw=application/vnd.amazon.ebook</type>
        <type>sema=application/vnd.sema</type>
        <type>ftc=application/vnd.fluxtime.clip</type>
        <type>clkx=application/vnd.crick.clicker</type>
        <type>semd=application/vnd.semd</type>
        <type>jnlp=application/x-java-jnlp-file</type>
        <type>semf=application/vnd.semf</type>
        <type>zmm=application/vnd.handheld-entertainment+xml</type>
        <type>otc=application/vnd.oasis.opendocument.chart-template</type>
        <type>m14=application/x-msmediaview</type>
        <type>mvb=application/x-msmediaview</type>
        <type>m13=application/x-msmediaview</type>
        <type>fly=text/vnd.fly</type>
        <type>mathml=application/mathml+xml</type>
        <type>bz=application/x-bzip</type>
        <type>spot=text/vnd.in3d.spot</type>
        <type>dxf=image/vnd.dxf</type>
        <type>otm=application/vnd.oasis.opendocument.text-master</type>
        <type>dtd=application/xml-dtd</type>
        <type>ots=application/vnd.oasis.opendocument.spreadsheet-template</type>
        <type>xbd=application/vnd.fujixerox.docuworks.binder</type>
        <type>xltm=application/vnd.ms-excel.template.macroenabled.12</type>
        <type>ami=application/vnd.amiga.ami</type>
        <type>fdf=application/vnd.fdf</type>
        <type>std=application/vnd.sun.xml.draw.template</type>
        <type>vcx=application/vnd.vcx</type>
        <type>aam=application/x-authorware-map</type>
        <type>pvb=application/vnd.3gpp.pic-bw-var</type>
        <type>plf=application/vnd.pocketlearn</type>
        <type>epub=application/epub+zip</type>
        <type>pps=application/vnd.ms-powerpoint</type>
        <type>ppt=application/vnd.ms-powerpoint</type>
        <type>pot=application/vnd.ms-powerpoint</type>
        <type>igs=model/iges</type>
        <type>iges=model/iges</type>
        <type>wmls=text/vnd.wap.wmlscript</type>
        <type>chrt=application/vnd.kde.kchart</type>
        <type>mcurl=text/vnd.curl.mcurl</type>
        <type>pcurl=application/vnd.curl.pcurl</type>
        <type>fe_launch=application/vnd.denovo.fcselayout-link</type>
        <type>jpgv=video/jpeg</type>
        <type>wad=application/x-doom</type>
        <type>kmz=application/vnd.google-earth.kmz</type>
        <type>ez3=application/vnd.ezpix-package</type>
        <type>p=text/x-pascal</type>
        <type>pas=text/x-pascal</type>
    </mimeTypes>
</server>
