{
   "domain": "javaAppServer",
   "middleware": "was",
   "host": "rhel9-base.gym.lan",
   "assessmentUnitName": "WhereAmI-2_0_0_war.ear",
   "applicationName": "WhereAmI-2_0_0_war.ear",
   "checksum": "22b221417686f74bc86a97d767eaa4507ee513785b72bf84df22ee1da74992ed",
   "dcVersion": "",
   "binaryScannerVersion": "25.0.0.2",
   "collectionUnitType": "profile",
   "collectionUnitName": "Dmgr01",
   "isVirtual": "false",
   "serverXml": {
      "server": {
         "applicationManager": {
            "autoExpand": "true"
         },
         "description": "Configuration generated by binaryAppScanner",
         "featureManager": {
            "feature": [
               "servlet-3.1",
               "transportSecurity-1.0"
            ]
         },
         "httpEndpoint": {
            "host": "${httpEndpoint_host}",
            "httpPort": "${httpEndpoint_port}",
            "httpsPort": "${httpEndpoint_secure_port}",
            "id": "defaultHttpEndpoint"
         },
         "iiopEndpoint": {
            "host": "${BOOTSTRAP_ADDRESS_host}",
            "id": "defaultIiopEndpoint",
            "iiopPort": "${BOOTSTRAP_ADDRESS_port}",
            "iiopsOptions": {
               "iiopsPort": "${CSIV2_SSL_SERVERAUTH_LISTENER_ADDRESS}",
               "sslRef": "defaultSSLConfig"
            }
         },
         "include": {
            "location": "rhel9-baseCell01_mime-types.xml",
            "onConflict": "MERGE",
            "optional": "true"
         },
         "keyStore": [
            {
               "id": "NodeDefaultKeyStore_rhel9-baseCell01_KeyStore_7",
               "location": "${NodeDefaultKeyStore_rhel9_baseCell01_KeyStore_7_location}",
               "password": "${NodeDefaultKeyStore_rhel9_baseCell01_KeyStore_7_password}"
            },
            {
               "id": "CellDefaultTrustStore_rhel9-baseCell01_KeyStore_2",
               "location": "${CellDefaultTrustStore_rhel9_baseCell01_KeyStore_2_location}",
               "password": "${CellDefaultTrustStore_rhel9_baseCell01_KeyStore_2_password}"
            }
         ],
         "ssl": {
            "id": "NodeDefaultSSLSettings_rhel9-baseCell01_SSLConfig_2",
            "keyStoreRef": "NodeDefaultKeyStore_rhel9-baseCell01_KeyStore_7",
            "sslProtocol": "${NodeDefaultSSLSettings_rhel9_baseCell01_SSLConfig_2_sslProtocol}",
            "trustStoreRef": "CellDefaultTrustStore_rhel9-baseCell01_KeyStore_2"
         },
         "sslDefault": {
            "sslRef": "NodeDefaultSSLSettings_rhel9-baseCell01_SSLConfig_2"
         },
         "transaction": {
            "propogatedOrBMTTranLifetimeTimeout": "300"
         },
         "variable": [
            {
               "defaultValue": "*",
               "name": "BOOTSTRAP_ADDRESS_host"
            },
            {
               "defaultValue": "2809",
               "name": "BOOTSTRAP_ADDRESS_port"
            },
            {
               "defaultValue": "WhereAmI-2_0_0_war_ear_rhel9-baseCell01_CellDefaultTrustStore_trust.p12",
               "name": "CellDefaultTrustStore_rhel9_baseCell01_KeyStore_2_location"
            },
            {
               "defaultValue": "9403",
               "name": "CSIV2_SSL_SERVERAUTH_LISTENER_ADDRESS"
            },
            {
               "defaultValue": "*",
               "name": "httpEndpoint_host"
            },
            {
               "defaultValue": "9080",
               "name": "httpEndpoint_port"
            },
            {
               "defaultValue": "9443",
               "name": "httpEndpoint_secure_port"
            },
            {
               "defaultValue": "WhereAmI-2_0_0_war_ear_rhel9-baseNode01_NodeDefaultKeyStore_key.p12",
               "name": "NodeDefaultKeyStore_rhel9_baseCell01_KeyStore_7_location"
            },
            {
               "defaultValue": "TLSv1.3,TLSv1.2",
               "name": "NodeDefaultSSLSettings_rhel9_baseCell01_SSLConfig_2_sslProtocol"
            },
            {
               "defaultValue": "",
               "name": "CellDefaultTrustStore_rhel9_baseCell01_KeyStore_2_password"
            },
            {
               "defaultValue": "",
               "name": "NodeDefaultKeyStore_rhel9_baseCell01_KeyStore_7_password"
            }
         ],
         "webApplication": {
            "contextRoot": "/tWAS",
            "id": "WhereAmI-2_0_0_war.ear",
            "location": "WhereAmI-2.0.0.war"
         }
      }
   }
}